"","X.1","X","ward","csw_lk","csw_na","csw_negrin","csw_tariq","csw_teresa","csw_untermeyer","w_sp_total","w_r_total","w_r_notcand","w_r_cand","w_s_gotv","avg_medHHinc","pmale","pfem","pp18_34","pp35_64","pp65_over","ppm18_34","ppm35_64","ppm65_over","ppf18_34","ppf35_64","ppf65_over","pwhite","pblack","pamer_nativ","pasian","ppac_isl","prace_other","prace_two","pnot_hisp","phisp_lat","pless_hs","phs","psome_college","pbachelor","pmasters","pprof_school_over","pdoctorate","pemployed","punemployed","pdem_vot_turnout","pvote_khan","pvote_oneill","pvote_krasner","pvote_untermeyer","pvote_negrin","pvote_shabazz","pvote_deni","pvote_write_in"
"1",1,1,"1",0,28700,0,0,0,0,NA,NA,NA,NA,NA,57764.1904761905,52.0526872416114,47.8848187674262,34.7370445149505,37.4387078165561,11.0325930199019,19.7625228343428,19.3106432073839,4.28324199596193,14.9120276896452,18.0751850783579,6.69166426305163,64.9793289106817,7.60023074704355,0.211518123257379,19.6038842418998,0,5.83117007980002,1.59119315450437,80.823959234689,19.1327756946447,19.6240228316168,80.2953220002482,51.4766100012409,34.6755180543492,13.5004342970592,3.57984861645365,1.42697605161931,91.9720624486442,7.93755135579293,31.9075394253618,15.470548408937,13.1347325660122,53.3513879485443,4.6039268788084,10.832769126608,1.32024373730535,1.2863913337847,0
"2",2,2,"10",90,34040,0,0,0,0,18320.45,35812.84,35812.84,NA,NA,41684.9428571429,41.7013784514965,58.2127367200584,22.4030574998927,37.2353673723537,18.0272254906171,9.87246102975909,15.2445570489973,6.57018937604672,12.453300124533,21.9049254949113,11.3711512861253,1.30544939236484,95.8775282346374,0.0687078627560442,0.017176965689011,0,0.313479623824451,2.34036157512775,97.9645295658522,2.00111650276979,14.7684445863941,85.1038007026509,45.6020440753753,17.3043755988502,6.65602044075375,0.440753752794634,0.0511018843819866,84.1523916502855,15.6416736871665,22.9058881497906,15.2191449314332,0.941113202473783,50.4436676525948,6.05001344447432,6.82979295509546,19.8440440978758,0.672223716052702,0
"3",3,3,"11",75,9725,0,75,0,0,9094.26,13000,13000,NA,NA,22651.3333333333,46.6374942422847,53.285736219868,24.0135114386611,39.6207584830339,14.486411791801,10.1642868109934,18.7010594196223,5.10517426685091,13.7647781360356,20.850606479349,9.30446798710272,3.1936127744511,92.5610317825887,0,1.64286810993398,0,0.414555504375864,2.01903884538615,96.8294180869031,3.12452019038845,21.1113590716358,78.7770586922562,33.7647846462843,9.18321803168935,2.29859406382504,0.29011381388083,0.200848024994421,86.2261146496815,13.5350318471338,15.5139770575788,14.7164393395549,1.22038765254846,28.8585786073223,10.5527638190955,11.7731514716439,31.8018664752333,1.07681263460158,0
"4",4,4,"12",NA,NA,NA,NA,NA,NA,10692.82,15000,13000,2000,9600,26830.4848484848,44.3236233040702,55.6115323224262,25.0748204309657,36.6320830007981,13.2781324820431,8.98343974461293,16.4255786113328,5.24241819632881,16.006584197925,20.1217079010375,7.98084596967279,11.9413407821229,82.3373902633679,0.404030327214685,0.40901835594573,0.0548683160415004,1.70091779728651,2.94792498004789,96.5632482043097,3.39185953711093,20.8317229651388,79.0214114555152,43.6113472984463,19.15436345366,7.69884826466723,1.73146788281673,0.943031614748396,82.4767561983471,17.3037190082645,19.2934782608696,16.9775409212029,0.723258469737343,42.1773886562619,7.3087171678721,7.23258469737343,24.4765892653217,1.10392082223068,0
"5",5,5,"13",125,5700,0,0,0,0,7350,14100,14100,NA,5000,30176.2727272727,48.8276956893394,51.0501892783002,21.1869581145439,40.5727195017707,14.653803883258,10.593479057272,19.1720600805959,5.41580168518745,10.5202100378557,21.3029673952864,9.1403101721822,6.27671266332886,89.9560385883502,0.256441567957016,0.360239345463427,0.0305287580901209,1.00744901697399,1.90499450482354,96.3915007937477,3.55354744169007,19.4165081090876,80.4385249614932,33.9313219171876,9.47721301078191,2.37383346923983,0.308054725015856,0.154027362507928,76.9242288110213,22.8361784965559,18.0786094581898,19.8787353832828,5.80337808575141,31.1390212213079,9.44131658726721,10.3941100043309,22.2174101342573,1.12602858380251,0
"6",6,6,"14",100,13185,100,0,1500,50,4940.42,4700,3100,1600,3702,33631.5294117647,45.2412787164215,54.6493253920019,30.8617965236417,29.8043029050687,17.8193752279081,16.0204205664276,13.0788865929257,6.44220250395041,14.7441351647016,16.6403306186945,11.3042421295734,22.2073659900328,63.1700498359062,0.607754953202869,6.17479032454114,0,0.619910052266926,6.91625136744864,92.2450467971314,7.64555731129209,23.3717164447643,76.5023389708528,43.1090320259086,22.8679381072328,8.79812882331774,4.13817920115149,1.7092479309104,81.4226925338036,18.4303350970018,19.6140839466879,16.5314401622718,1.3184584178499,39.7565922920893,10.0405679513185,12.0689655172414,15.1115618661258,5.17241379310345,0
"7",7,7,"15",NA,NA,NA,NA,NA,NA,300,0,0,NA,50,67077.56,48.0459770114943,51.8656056587091,39.1040377247274,34.8953728264073,12.5965222516947,19.7583259652225,17.1470674918951,4.91010904804008,19.2690834070144,17.6598880047156,7.60978485116416,69.5785440613027,19.2337164750958,0.0707338638373121,5.85912172119069,0,2.82935455349248,2.18685529030357,93.097553787209,6.83171234895373,5.45617842975825,94.4540079335379,80.8397575031809,69.2463138986603,31.8763565601377,11.8179776962802,4.98465683706309,95.5050143266476,4.38753581661891,36.2315996074583,28.9274106175515,2.41061755146262,42.4160346695558,4.90249187432286,17.7139761646804,1.89599133261105,1.73347778981582,0
"8",8,8,"16",0,20762,0,0,0,3120,26499.43,25710,22590,3120,NA,22694.5625,44.829002772928,55.0785662935196,23.6006983670535,41.1523056382869,11.0917120262915,10.6192872548013,18.8867207558796,4.62154667762144,12.8684399712437,22.1423436376707,6.34692410393345,3.30697340043134,94.1255006675567,0.708637157235288,0.359453630481668,0,0.267022696929239,1.02701037280477,98.4594844407928,1.48916504056691,23.3328002558772,76.5552534783304,26.4353110506957,5.29345913961299,2.31888693427155,1.0714856868703,0.495762034223573,77.4823196605375,22.2630834512023,12.4951443739479,14.5077720207254,4.76683937823834,26.1139896373057,20.8290155440415,11.1917098445596,21.9689119170984,0.621761658031088,0
"9",9,9,"17",0,19000,0,0,0,0,NA,NA,NA,NA,NA,29950.46875,44.4243545538643,55.4999579513918,30.0773694390716,32.9576991001598,14.1745858212093,13.0771171474224,14.4394920528131,5.50836767303002,16.9203599360861,18.4551341350601,8.60314523589269,9.80153056933815,85.7329072407703,0.0672777731057102,2.10663527037255,0.0252291649146413,0.588680514674964,1.53897905979312,96.7580523084686,3.18728450088302,19.2766829130466,80.610298792117,42.3253514162605,14.8830967012785,3.65190365190365,0.755809846718938,0.183654729109275,79.3676414736043,20.4899354348652,19.7519929140833,18.6616074508451,0.689893066574681,34.7016212487065,7.58882373232149,6.93342531907554,30.7692307692308,0.620903759917213,0.034494653328734
"10",10,10,"18",NA,NA,NA,NA,NA,NA,8300,10900,7900,3000,8100,44770.4814814815,52.3459962072551,47.5438918455986,38.594237474766,35.26640973879,9.1698782651251,22.4873065394262,17.440508961889,3.97014742766257,16.0212883097816,17.7402581513428,5.12020554230134,70.4288248608307,7.7200709610326,0.391509145408943,3.21771578882975,0.11622927754328,13.268489631125,4.6063497889521,74.2338043677739,25.6927876674619,16.4720812182741,83.4179357021997,55.8544839255499,39.492385786802,12.5042301184433,3.87478849407783,2.20812182741117,89.46474086661,10.3759558198811,25.8241758241758,17.6170212765957,3.74468085106383,58.7659574468085,7.19148936170213,9.91489361702128,1.48936170212766,1.27659574468085,0
"11",11,11,"19",0,1500,2000,0,0,0,4620,6300,6300,NA,NA,21176.8,50.2193944712593,49.7074740383209,25.5155770074594,35.9587538394033,8.68802106186924,12.5932426502852,18.5900248647067,3.67120081907269,12.8345765686705,17.2882843352348,4.95831505046073,38.7084978791868,17.7636390229633,0.307152259763054,0.884891034079275,0,39.1838525669153,2.91063331870704,18.7436009945883,81.161328067866,43.8600782778865,56.0543052837573,22.1501956947162,5.77299412915851,1.01516634050881,0.342465753424657,0,77.1962185842748,22.619322112059,7.03451570524304,10.8658743633277,1.01867572156197,25.4668930390492,6.45161290322581,49.5755517826825,5.77249575551783,0.848896434634975,0
"12",12,12,"2",NA,NA,NA,NA,NA,NA,2500,2500,2500,NA,NA,75662.2083333333,48.4749639922054,51.482673896467,37.1049733118699,37.4142167245615,10.0525290180463,17.8768109802593,18.6096755062272,4.05829026518682,19.185800220283,18.7621791070067,5.95187664153181,73.2610353300009,11.9249343387274,0.249936456833009,9.19681436922816,0.105905278319071,1.88087774294671,3.23646530543082,91.1463187325256,8.81979157841227,8.46900269541779,91.4716981132076,77.3369272237197,62.1563342318059,29.633423180593,11.6549865229111,3.20754716981132,94.1989647771746,5.76947355131928,34.6011921657678,24.2616899097621,2.64561115668581,55.045118949959,3.7940935192781,10.6439704675964,2.44052502050861,1.14848236259229,0.0205086136177194
"13",13,13,"20",0,13200,1000,0,0,0,NA,NA,NA,NA,NA,21155.9285714286,46.0444528159729,53.9272932755698,56.8845356941044,18.6852514597853,9.21077415709173,24.4490487850819,9.625164814466,3.79544170276888,32.369561122622,8.99416085891882,5.3494066679224,35.3738933885854,49.4066679223959,0,9.0035788284046,0.178941420229798,4.02147297042758,1.81766811075532,87.6718779431155,12.2527783009983,20,79.7758405977584,39.2029887920299,15.4919053549191,3.11332503113325,0.074719800747198,0,85.9051254089422,13.9040348964013,10.9593246354566,14.9859943977591,0.420168067226891,36.6946778711485,12.0448179271709,20.3081232492997,13.7254901960784,1.82072829131653,0
"14",14,14,"21",NA,NA,NA,NA,NA,NA,NA,NA,NA,NA,NA,69577.76,48.7806970509383,51.1828418230563,39.427345844504,33.1753351206434,12.969436997319,20.8664879356568,15.3672922252011,5.72225201072386,18.5222520107239,17.7587131367292,7.20214477211796,80.6219839142091,11.6782841823056,0.186595174262735,3.63538873994638,0.0514745308310992,1.24396782841823,2.45576407506702,95.942091152815,4.02788203753351,6.04324788772734,93.9023342402979,68.4089932693685,48.9703565802664,19.8797078619504,6.72203923814979,2.82113704711442,94.5811609315259,5.36322558220369,26.722597299444,33.7915660412409,7.98811071892997,32.2868289058146,4.47705740293517,16.8307635147687,2.95374326583689,1.67193015047371,0
"15",15,15,"22",0,25000,0,0,0,0,NA,25000,25000,NA,NA,58112.8484848485,46.6738754325259,53.2785467128028,19.3382352941176,43.5207612456747,18.1574394463668,9.34688581314879,19.6280276816609,7.06314878892733,9.93944636678201,23.8278546712803,11.0467128027682,22.6730103806228,69.2647058823529,0.224913494809689,1.52681660899654,0,0.955882352941176,5.20328719723183,97.1496539792387,2.82006920415225,8.91472868217054,91.014799154334,67.3420249001644,40.1045337091849,22.0049330514447,6.90039934225981,2.17289170777543,88.4978259086061,11.4037246697842,35.7685563997662,24.7095134350036,0.853304284676834,49.0196078431373,3.46768336964415,8.71459694989107,12.5453885257807,0.689905591866376,0
"16",16,16,"23",0,12641.72,0,0,0,100,4743.72,NA,NA,NA,4743.72,32920.3888888889,46.6775816628065,53.2545323855922,24.6266272661928,37.1216356521045,8.10238798817986,12.0836993850331,15.4819902563693,3.27050555067487,12.4830285120997,21.5717594441339,4.78396294225701,28.1407235843782,51.3976519447328,1.24990016771823,2.09647791709927,0.435268748502516,12.2753773660251,4.17698266911589,70.3218592764156,29.6142480632537,24.7850416268596,75.098949092398,35.7649788453665,10.0996314999318,3.71912105909649,0.880305718575133,0.361675992902962,80.3523161524839,19.4892347842297,10.796266711511,19.8598130841121,19.7040498442368,24.1433021806854,8.56697819314642,14.2523364485981,11.5264797507788,1.94704049844237,0
"17",17,17,"24",0,11000,0,0,0,3000,4190,19300,16300,3000,NA,29862.7307692308,51.4003580296818,48.5361205751574,54.2299474504822,20.2690997285904,8.40792285037824,29.5432234220708,9.2625743489057,3.14719639660449,24.6289773055379,10.9430039845239,5.20297973090027,33.3487324594329,49.6621816711902,0.277184269792689,11.5551192469827,0.0230986891493908,1.0047929779985,3.93832649997113,96.5409712998787,3.40128197724779,19.5213060320974,80.3541781959048,54.5102379634754,26.6740453790813,12.1472053126729,3.25124515771998,1.4803541781959,88.0217170003393,11.7407533084493,16.4643920311427,14.6036161335188,2.01668984700974,45.6189151599444,11.1961057023644,9.94436717663421,15.0904033379694,1.46036161335188,0.0695410292072323
"18",18,18,"25",0,3000,0,0,0,3000,2300,10500,7500,3000,NA,34120.037037037,50.4035002430724,49.5187165775401,24.2100145843461,38.4735051045211,8.63393291200778,11.3271754982985,19.4895478852698,3.34953816237239,12.8196402527953,18.9256198347107,5.2552260573651,65.2649489547885,17.8172095284395,0.826446280991735,2.1147301895965,0.126397666504618,12.0320855614973,1.63344676713661,73.0967428293632,26.8351968886728,25.9273660471265,73.9715374445913,31.9931565440547,13.6791352360215,3.60059102574073,0.684345594525235,0.0233299634497239,80.6132879045997,19.2731402612152,9.55277280858676,21.0986267166042,11.7353308364544,32.70911360799,13.8576779026217,14.9812734082397,3.99500624219725,1.62297128589263,0
"19",19,19,"26",0,16960,0,0,0,0,13004.26,11600,11600,NA,9600,50863.04,47.8145695364238,52.1192052980132,24.9414161996943,39.6586856851757,19.7401935812532,12.4503311258278,19.6383087111564,7.71777890983189,12.4197656647988,19.9541518084564,11.9612837493632,88.3902190524707,4.13143148242486,0.259806418746816,5.78196637799287,0,0.101884870096791,1.18186449312277,96.6938359653592,3.25522159959246,10.945720518414,88.9772873091236,51.6360836648274,27.2295649942256,8.05851405107147,2.13011677146157,0.904658026433979,93.7138662017069,6.15765807102872,20.2494135078405,15.2439024390244,15.5487804878049,27.1341463414634,9.45121951219512,29.3292682926829,1.52439024390244,1.76829268292683,0
"20",20,20,"27",0,4866.5,0,0,0,0,3466.5,NA,NA,NA,NA,38556.3214285714,48.7108143201632,51.2149879428677,73.092190688184,15.5258764607679,3.37970691893897,35.0287516230755,8.43628269337785,1.28733073641254,38.0115006492302,7.04136523836023,2.05898720089037,52.4874791318865,21.2947505101094,0.1669449081803,19.6438508625487,0.408087553329623,1.37636802077537,4.42218512335374,94.0270821739937,5.92097941012799,7.32820074137439,92.567246459462,76.0479041916168,55.7361467541108,30.5579317555365,13.5918638912651,8.7634255298926,93.9290334503789,5.96008131583811,14.3885938750273,14.1051567239636,1.06167846309403,69.8685540950455,3.13447927199191,6.31951466127401,4.44893832153691,1.06167846309403,0
"21",21,21,"28",0,10000,0,0,0,0,6702,13600,13600,NA,NA,26058.0769230769,47.1629890598925,52.7628407194511,24.9582792508808,33.6269237900983,9.28054885963286,12.3029853513814,11.8208789171148,4.51511218245874,12.5625811236788,21.7411459299091,4.69126645651771,0.973484146115335,96.5974411273873,0,0.45429260152049,0,0.630446875579455,1.26089375115891,97.8954199888745,2.08603745596143,20.2576489533011,79.5813204508857,32.866344605475,7.10144927536232,1.5780998389694,0,0,81.0448577680525,18.7363238512035,14.9397281354193,15.9656652360515,6.3519313304721,21.9742489270386,13.5622317596567,19.8283261802575,20.9442060085837,1.37339055793991,0
"22",22,22,"29",0,13200,0,0,0,0,13050,18600,18600,NA,13050,46530,45.7075192421551,54.1740674955595,28.6066706137754,36.4614170120387,12.1965660153937,13.597789619104,18.2553779356621,4.62798500098678,14.9200710479574,18.1172291296625,7.48963883955003,18.5119400039471,77.1857114663509,0.0789421748569173,0.86836392342609,0.799289520426288,1.02624827313992,1.28281034142491,96.388395500296,3.54253009670416,20.1168736303871,79.7516435354273,48.5756026296567,23.754565376187,10.9861212563915,2.46895544192841,0.58436815193572,87.2354353043858,12.5245472397993,20.5936920222635,13.4384384384384,1.12612612612613,40.4654654654655,7.28228228228228,22.5975975975976,13.5885885885886,1.42642642642643,0.0750750750750751
"23",23,23,"3",0,14400,0,0,0,4000,NA,NA,NA,NA,NA,31845.2083333333,44.9393853961094,54.9929517902453,20.9247251198196,38.8948407104595,18.2069354383986,9.923879334649,16.0868339441782,6.38285875387652,10.9331829715252,22.7290668170285,11.7451367352692,1.5787989850578,94.2091908655202,0.0394699746264449,1.7310403157598,0,0.642796729630674,1.69157034113335,97.7840428531153,2.19340287566958,16.4998385534388,83.3871488537294,39.9095899257346,10.1388440426219,3.82628350016145,0.201808201485308,0.0645786244752987,74.4948115783725,25.3276897870016,18.7906371911573,13.7543252595156,2.07612456747405,30.5795847750865,21.7560553633218,9.12629757785467,21.5397923875433,1.16782006920415,0
"24",24,24,"30",NA,NA,NA,NA,NA,NA,5133.31,7200,7200,NA,NA,79036.2916666667,48.525184351956,51.3935758030246,40.7886514185727,36.376702912136,10.023747031621,18.978877640295,19.6475440569929,4.21822272215973,21.7472815898013,16.6479190101237,5.73053368328959,66.2417197850269,21.8722659667542,0.674915635545557,6.20547431571054,0.0937382827146607,1.30608673915761,3.31208598925134,95.381827271591,4.54943132108486,5.36607898991454,94.5569327892833,83.8786665640157,71.2602971745323,37.9551928554931,19.6704904149665,6.51320347986758,95.6154503179273,4.29913637657777,32.4930774372195,39.2594769321187,1.7631501616221,40.6993828974434,2.67411107846018,10.9903026741111,3.58507199529827,1.02850426094622,0
"25",25,25,"31",0,19250,0,0,0,0,24475,41500,41500,NA,44780.9,47105.6666666667,52.3569216653286,47.5972015139351,37.4928317467599,35.4283748136254,6.77830026379172,19.3772221585044,19.2797339144397,2.65512100011469,18.0639981649272,16.0740910654892,4.07156784034866,71.2008257827733,6.22777841495584,0.630806285124441,8.16033948847345,0,10.5574033719463,3.01066636082119,79.6650992086248,20.2775547654548,22.7154253218545,77.181897164521,46.094305347129,27.2964220835637,7.43227233235921,2.30629492141221,0.568675460074244,85.4732133780624,14.445461014537,26.974025974026,22.5806451612903,6.35532017332691,57.2460279248917,3.61097737120847,8.18488204140587,0.91478093403948,1.05922002888782,0.0481463649494463
"26",26,26,"32",0,16700,200,0,0,100,16493.4,14010,14010,NA,NA,23356,44.941966317706,54.9726900318616,36.5043240782886,29.1875284478835,10.611060537096,17.0061447428311,12.6877560309513,3.77218934911243,19.412835685025,16.4144287664998,6.76490669094219,14.332043695949,77.8334091943559,1.26877560309513,2.17910787437415,0,1.27446517979062,2.93013199817934,94.6631770596268,5.2742375967228,26.8676867686769,72.9297929792979,30.7943294329433,8.66336633663366,2.23897389738974,0.641314131413141,0.123762376237624,81.8761965539247,17.8685386088066,13.3374498301945,14.2361111111111,2.1412037037037,29.4560185185185,11.8055555555556,14.4097222222222,26.8518518518519,1.04166666666667,0.0578703703703704
"27",27,27,"33",0,19515,60,0,0,0,NA,NA,NA,NA,NA,28684.8965517241,47.725807606905,52.2204713129432,26.3018408423465,32.2362294964544,5.551178282358,11.7864049853162,15.117111954731,1.85516796791061,14.4724589929088,17.0868848936323,3.67452188238665,42.7440727741566,21.3630828737196,0.92042117326839,5.51536422892343,0.361721939689134,25.14504691641,3.79628966406418,36.8454981734833,63.1007807463649,34.9118794564779,65.0073994349522,22.2319386519575,7.66177855509216,1.16372931521593,0.443966097134401,0.228709807614691,77.9054916985952,22.0215289180806,5.09680324178298,26.1484098939929,5.30035335689046,25.0883392226148,9.18727915194346,23.1448763250883,9.01060070671378,2.12014134275618,0
"28",28,28,"34",NA,NA,NA,NA,NA,NA,NA,NA,NA,NA,NA,41121.972972973,43.8312087048363,56.1245793726819,25.6748458723258,37.4990789182816,10.9129761992484,12.4996929727605,15.4422420357134,3.95942328003341,13.1309409770835,22.0126249600865,6.90197234298627,9.97715717338442,86.1223687765579,0.218603394493159,1.0979294082971,0.0614054478913369,0.886694667550905,1.5154864539582,96.2739174219537,3.69660796305848,11.0566829951015,88.8616748308841,56.5274861985849,22.5254645828474,8.28084907860975,2.28598087240495,0.653137392115699,88.4309700510553,11.4532343807569,21.6695406110448,15.6702713731891,2.42807590287696,34.4827586206897,7.97796368088145,11.1609875535605,26.7088349316466,1.55070393797184,0.02040399918384
"29",29,29,"35",0,12400,0,0,0,0,8072.38,12400,12400,NA,NA,41309.825,48.936170212766,51.0118087707434,24.8894553399573,34.5393538989752,8.15949643656037,13.1509129688394,15.3514019663944,3.06663892212454,11.6839203038027,19.1359309160901,5.04083649794517,28.3020340217448,46.6888623003694,0.431774436872497,7.3999895957967,0.0156063049471987,13.5800863548874,3.40997763096291,75.7061852988607,24.2495968371222,20.2164087111355,79.7059763502717,40.1360544217687,14.0117792083276,4.5290599461261,0.940510432360864,0.150664292562663,82.7650273224044,17.1256830601093,11.8146929824561,18.6194895591647,6.26450116009281,27.0881670533643,10.7308584686775,20.7656612529002,14.7331786542923,1.79814385150812,0
"30",30,30,"36",0,19450,1500,0,0,0,16438.86,22950,21350,1600,10950,43014.55,44.7620090524164,55.1467367498905,34.1546211125712,37.3594685355526,11.1731639655424,14.7320776755731,17.2105416849175,3.90567966126442,19.3385895751205,20.0722733245729,7.1908307782158,22.6930938823186,64.958388085852,0.0912541976930939,7.99386771791502,0.120455540954884,1.08409986859396,2.80332895313184,94.8313622426632,5.10293473499781,19.9926766752105,79.8922425066695,45.4464612648428,21.1330229638542,7.4697912852435,1.78898362713815,0.591096929434535,85.6664434025452,14.1728064300067,21.7682555500194,14.7761953204476,2.36520854526958,41.6327568667345,7.50254323499491,17.7009155645982,14.6236012207528,1.39877924720244,0
"31",31,31,"37",0,11000,0,0,0,0,4509.75,4575.07,4575.07,NA,NA,19966.45,41.968201754386,57.9495614035088,26.5967653508772,34.8135964912281,9.44353070175439,10.1905153508772,14.3571820175439,3.53618421052632,16.3377192982456,20.3878837719298,5.83881578947368,19.9835526315789,51.2266995614035,1.00740131578947,1.11705043859649,0,23.9651864035088,2.46025219298246,55.7771381578947,44.1611842105263,37.175456979858,62.6964722319246,25.1251600884853,3.55105367330306,0.79171032716265,0.349283967865875,0.349283967865875,73.8035264483627,25.9445843828715,10.4533865425119,15.3764581124072,1.37857900318134,39.4485683987275,11.983032873807,15.270413573701,15.0583244962884,1.48462354188759,0
"32",32,32,"38",150,16475,675,0,300,0,12397.94,20250,19425,825,NA,38183.5517241379,45.6082300565516,54.3075442185056,32.336662254843,35.8500782096017,12.9466971483576,15.533630128745,15.888581398147,4.52412465407291,16.7368547707857,19.8772710865119,8.35037901576224,35.8019492239201,55.3062206713993,0.0782096017326435,4.59030200938515,0.0240644928408134,1.29346649019372,2.7012393213813,94.7358921910721,5.2099627000361,13.5234508115864,86.4137745493678,55.9232355842525,31.7370639404538,15.6846919558784,5.38965115236302,1.11200789166891,90.5443393815487,9.28954766164069,23.5244440273998,19.4654966094934,1.79497407259673,30.7538891104906,5.58436378141205,29.1583566015158,12.0861587554846,1.15676106900678,0
"33",33,33,"39A",0,4500,0,0,0,0,NA,NA,NA,NA,NA,45647,49.7819468444006,50.1727968402863,28.9023286431334,36.2256233028882,11.8530404015469,15.2719493129268,18.6785155928577,4.46391837406402,13.5974656463425,17.5141940261664,7.34386571216983,57.1957541347815,9.55731095202831,0.275652102361557,27.3594997120053,0.065827367728133,2.76886365506459,2.67012260347239,88.8175759071834,11.1371677775035,29.1367568562488,70.7957543407571,31.603165838395,14.8720780415976,3.92662126510829,0.668752684213755,0.447880238051414,86.9208454206382,12.9796933278077,22.4981188863807,11.753463927377,40.6115623506928,21.4046822742475,8.36120401337793,13.1868131868132,2.96225513616818,1.72001911132346,0
"34",34,34,"39B",0,15400,0,0,0,0,NA,NA,NA,NA,NA,47811.9642857143,49.6049661399549,50.3283398317258,25.6002462548738,39.1340036938231,16.9095013338806,13.4157603119228,18.9718859019085,6.4334085778781,12.0921403652781,20.064641904371,10.4093987276832,73.0761337984814,5.46378001231274,0,15.9142212189616,0,1.75456597578494,3.59121690950133,88.9287912989944,11.0147752924277,23.0990052740503,76.7875025035049,40.930636224047,23.8200146872288,8.68549302356633,3.07764203217838,0.921289805728019,88.9693482789406,10.9314552127765,25.6854882410318,12.5316455696203,12.0253164556962,47.5105485232068,10.464135021097,14.9789029535865,0.928270042194093,1.51898734177215,0.0421940928270042
"35",35,35,"4",NA,NA,NA,NA,NA,NA,NA,NA,NA,NA,NA,26745.9285714286,42.2617052184602,57.6544865348084,23.5054195999553,37.1549893842887,13.8115990613476,9.95641971169963,15.5380489440161,4.76030841434797,13.4819532908705,21.5387194099899,8.96748240026819,1.25153648452341,96.2621521957761,0.0558721644876523,0.00558721644876523,0,1.13420493909934,1.22918761872835,97.9550787797519,2.01698513800425,15.6547567048135,84.2229405084301,42.9282781514807,10.7539093212195,3.29343932908186,0.51541888704464,0.428059753647244,87.2519294377067,12.5689084895259,16.7886114203913,16.0587399336807,1.70535291331123,30.3173851255329,9.8531501657982,9.8531501657982,30.6963524396021,1.468498342018,0.0473709142586452
"36",36,36,"40A",0,1500,0,0,0,0,36000,56400,56400,NA,37800,35277.1176470588,47.7316992066885,52.2302978480832,23.5048216236758,39.0385254857251,12.6074770794737,11.4911405633937,18.8922141465964,4.55560305923709,11.9756781150539,20.1178091302076,8.00912070685478,13.5290485012588,78.8751128212436,0.0380029452282552,5.34891454087692,0,0.636549332573275,1.46786375944136,96.5607334568429,3.39651322977531,16.5242165242165,83.4027321206809,45.6644020746585,17.8610563225948,8.35707502374169,2.11848929797648,0.854700854700855,86.2377032724353,13.6719534230074,18.1657848324515,13.5922330097087,15.9427695452223,33.0097087378641,8.02248339294839,11.0884006131834,17.1180378129791,1.22636688809402,0
"37",37,37,"40B",0,8600,0,0,0,0,6369.68,6600,6600,NA,NA,31088.8709677419,44.4480102695764,55.5038510911425,25.6899871630295,35.3056803594352,8.42426187419769,10.6506739409499,15.3040757381258,3.4900513478819,14.9831514762516,19.941431322208,4.89409499358151,6.71935173299102,81.9680680359435,0.200577663671374,8.46437740693196,0,1.23956996148909,1.27166238767651,96.0085044929397,3.9714377406932,23.0831153149527,76.8229690749312,37.8345743610384,9.94834641443617,2.77051049842356,0.865365264640773,0.784866170255585,81.4303282565509,18.42777409895,11.6672616922528,14.3206854345165,13.8310893512852,29.1309669522644,7.16034271725826,9.54712362301102,24.9082007343941,1.1015911872705,0
"38",38,38,"41",0,0,0,0,0,3000,NA,NA,NA,NA,NA,41175.7647058823,47.1532306553813,52.7542666851672,26.2568798852967,37.1074418389529,10.3232967947829,13.1816289718329,17.0019888071782,3.94523842560474,13.0197493177929,20.0360760371861,6.32255677350724,64.5761065630637,21.5947458489432,0.0647518616160215,2.24781462467046,0,8.29286341982332,3.01558669811757,79.7095416493224,20.2118310901438,16.7671114937581,83.1109197876309,36.2247094274645,12.1825226000861,3.07074185679438,0.408953938872148,0.179365762663223,86.2535823697994,13.617946437395,10.4580070792663,23.6923076923077,13.025641025641,17.9487179487179,15.0769230769231,18.1538461538462,7.7948717948718,4.30769230769231,0
"39",39,39,"42",2050,11275,50,0,0,50,NA,NA,NA,NA,NA,32103.1388888889,47.9265317836131,52.0074616157268,29.5336490170756,32.6072607260726,6.16157267900703,13.7092839718754,15.1815181518152,2.69192136604965,15.7698378533506,17.3597359735974,3.41799397331037,18.4818481848185,39.0414693643277,1.23403644712297,9.65131295738269,0.947051226861817,25.9147653895824,4.49418854928971,50.661500932702,49.2839718754484,34.5353603486743,65.3504903232501,29.3104342863073,10.0918383230426,2.92637368339127,0.430654283194106,0.0363202407513101,85.3348968752156,14.5271435469407,8.95880361173815,15.9055118110236,1.18110236220472,44.8818897637795,6.8503937007874,14.8818897637795,14.5669291338583,1.73228346456693,0
"40",40,40,"43",35,1435,2000,0,0,0,NA,NA,NA,NA,NA,24348.9677419355,47.0635445189312,52.8845245963554,28.2079123784345,32.67396846379,9.26258143706921,13.299027476159,15.0127466717024,3.51713719195543,14.8663959966009,17.6045699178548,5.70767632895855,17.4771032008309,51.8270229440091,1.31715607591351,0.944197903880653,0.778963270701539,24.0959305070343,3.38494948541214,47.2051742045133,52.7476159002927,35.2271776420383,64.6724123504309,27.487239561543,8.19178311438374,3.80721278554096,1.22165509162413,0.602460045184503,71.9411223551058,27.9323827046918,8.90903152049649,16.5902841429881,1.74152153987168,32.1723189734189,10.1741521539872,23.0980751604033,15.032080659945,1.19156736938588,0
"41",41,41,"44",2150,14400,150,0,300,150,NA,NA,NA,NA,NA,25257.9047619048,39.1648284779798,60.7515022438579,25.1996653228874,35.0270023579524,13.0904388833955,10.4890849623488,13.6837301285464,4.14543241804214,14.6269110823762,21.2367840571994,8.84612459116148,1.91678709971857,94.7212291777592,0,0.395527496767323,0,1.51365330493649,1.29307066250856,97.8245987677797,2.12215714611698,17.1202916160389,82.7095990279465,40.6804374240583,9.40461725394897,3.54799513973269,0.255164034021871,0.0850546780072904,78.4775888717156,21.2712519319938,16.0326086956522,14.6186440677966,1.0593220338983,36.5819209039548,9.18079096045198,10.7344632768362,26.7655367231638,1.0593220338983,0
"42",42,42,"45",NA,NA,NA,NA,NA,NA,NA,NA,NA,NA,NA,38968.1176470588,46.7057619647355,53.2194584382872,23.6460957178841,38.7122166246851,9.87877833753149,10.4101070528967,19.4781171284635,3.60909949622166,13.1572732997481,19.1553841309824,6.20277078085642,72.6031171284635,15.3455604534005,0.271568010075567,1.10988664987406,0.0432934508816121,7.10012594458438,3.33359571788413,76.1610516372796,23.7799118387909,23.36686462247,76.5119379469155,32.989940613259,13.240819294631,4.32674827293661,0.890801115016362,0.145436916737365,83.359353475985,16.4569749288273,10.03600360036,22.085201793722,16.5919282511211,17.152466367713,12.5560538116592,25.7847533632287,2.3542600896861,3.36322869955157,0.112107623318386
"43",43,43,"46",0,11000,0,0,0,0,15600,15600,15600,NA,NA,38149.5862068966,47.851572455273,52.0974565472246,37.3209643712728,34.1505683266222,10.5458993832509,17.432081145828,17.0854783628116,4.10826239869514,19.8022325296906,16.9937305673072,6.37137468780264,33.0088179825679,56.3076609409246,0.443447678271064,4.01651460319078,0,0.26504918701259,5.76991691727407,95.8254753045517,4.1388449971966,10.9408258833546,88.9456506314744,62.3172981410529,42.6990208599404,19.4976585781184,7.15197956577267,4.61189158507166,86.4578492424946,13.4027325959662,33.1960885229027,12.3145071982281,0.53156146179402,68.7043189368771,2.94573643410853,5.38205980066445,9.3687707641196,0.753045404208195,0
"44",44,44,"47",85,10435,0,0,0,0,NA,NA,NA,NA,NA,20137.3,49.7456492637216,50.1606425702811,48.2195448460509,27.6037483266399,7.06827309236948,24.4310575635877,14.0160642570281,2.87817938420348,23.7349397590361,13.5073627844712,4.16331994645248,25.6358768406961,62.7710843373494,0,7.34939759036145,0,2.74431057563588,1.29852744310576,95.7697456492637,4.16331994645248,20.1747201747202,79.7433797433797,49.2219492219492,18.8643188643189,6.55200655200655,1.66530166530167,1.41960141960142,89.2943305186972,10.6453558504222,12.8871300757054,16.8224299065421,5.74098798397864,41.6555407209613,10.4138851802403,9.34579439252336,14.8197596795728,1.20160213618158,0
"45",45,45,"48",0,14100,0,0,0,3000,7010,11500,8500,3000,6500,30366.375,47.759630493786,52.168944335984,28.074853578401,35.4935479262892,10.1138041045664,12.9517642017047,15.7516308747203,3.39507642493215,15.0659492405124,19.6609685253083,6.67587257749631,21.3085091186134,55.1164230274749,0.166658730536641,19.8371506118756,0,0.58568639588591,2.8046283510309,95.7144897862007,4.23313175563068,23.7616442407216,76.142244566021,40.99512050865,14.4758243383114,4.00709744196363,1.08679580068017,0.502735472423481,82.6481130086443,17.2043010752688,15.7126281183524,15.5076923076923,3.13846153846154,40.1846153846154,12.6769230769231,13.5384615384615,12.7384615384615,2.09230769230769,0.123076923076923
"46",46,46,"49",0,17600,0,0,0,0,NA,NA,NA,NA,NA,31084.5263157895,46.2786609039631,53.6444216540913,26.4229726759944,35.1183063511831,9.90403633433448,12.9514321295143,14.9073327961321,3.64442165409128,13.4129367811882,20.1340561131053,6.20467365028203,7.60750128195737,78.0565526335067,1.10980880521574,5.29265255292653,0.02197641198447,4.54911728078529,3.19390520840964,87.718848436012,12.2225477986961,21.1804712169055,78.6859363614282,41.2800582948749,14.8409035705611,5.04007772649988,1.43915472431382,0.789409764391547,78.5415470429005,21.3108030514314,15.7990314769976,19.1570881226054,1.6602809706258,33.0353341847595,9.49340144742444,10.727969348659,19.029374201788,6.85398041719881,0.042571306939123
"47",47,47,"5",100,12900,100,0,200,100,NA,100,100,NA,NA,70872.7631578947,49.608717715873,50.3458775139553,49.9986645655832,30.8565476349456,11.2016238882508,22.9107128548917,17.5956838759649,5.22421943858337,27.0505595470206,13.22347159531,5.94001228599663,71.6513981998344,10.7208674981972,0.368579899041158,12.7560695494244,0,1.31673833498037,3.03410699500548,93.3655618172592,6.58636254373548,6.24074256936901,93.7230505908298,82.6503406734472,72.2820183667424,37.0231394621639,17.8532635528784,5.77992824462658,94.6404068124949,5.29501977560739,26.4583798259317,30.4487179487179,1.63630229419703,45.5802968960864,5.01012145748988,14.6929824561404,1.55195681511471,1.06275303643725,0.0168690958164642
"48",48,48,"50",4500,32308.88,0,0,0,0,55745.85,56950,52450,4500,NA,49932.0322580645,43.5560768881489,56.3833812622976,23.1648251854094,37.641894959891,19.3014984107764,11.4083547752384,15.2224912971091,7.22339942485243,11.6921446950204,22.3550779476313,12.0175571363705,2.06977448161041,94.9485394278795,0.0416225215680339,0.510821855607689,0.0378386559709399,0.382170425306493,1.90328439533828,98.8421371272892,1.1351596791282,9.84220803208613,90.0839094411315,56.2351575281017,23.4629795767587,9.41474484141643,0.870758351364188,0.385244603936883,84.5537312271419,15.3295463388063,28.3535567182456,14.0557518649391,0.765606595995289,55.8303886925795,4.80957989791912,5.90891244601492,18.0604632901453,0.569297212406753,0
"49",49,49,"51",0,10000,0,0,0,0,NA,NA,NA,NA,NA,31901.5135135135,45.7470119521912,54.1683266932271,26.5836653386454,35.9462151394422,14.6165338645418,11.3147410358566,16.2201195219124,4.36752988047809,15.1842629482072,19.6613545816733,10.1593625498008,5.89641434262948,88.8296812749004,0.398406374501992,1.45418326693227,0,0.991035856573705,2.29083665338645,98.1972111553785,1.77788844621514,21.6258584652135,78.262167811287,39.6984174380412,11.7273813078531,3.54583457748582,0.910719617796357,0.865930128396536,80.8158274980549,19.028565077248,17.6062573789847,12.5733445096396,1.55071248952221,46.2699077954736,13.4534786253143,7.33445096395641,17.6445934618609,1.17351215423303,0
"50",50,50,"52",NA,NA,NA,NA,NA,NA,11940.4,6500,6500,NA,NA,39445.5925925926,43.6604693690948,56.274763791527,31.9948186528497,33.8425784821701,19.5214873514172,14.1420298689424,15.4373666565072,6.19475769582444,17.7956415726913,18.3366351722036,13.2695824443767,19.3576653459311,70.1310576043889,0.864827796403535,5.7375800060957,0.102864980188967,1.50868637610485,2.13730569948187,96.5330691862237,3.42121304480341,11.277181244267,88.6418820482383,59.4507095451357,26.6227809852695,11.2825770247666,3.10796956779798,1.47304807640425,88.6035039972785,11.2689232862732,24.8975816043346,16.8259023354565,1.59235668789809,37.6326963906582,8.62526539278132,17.2505307855626,17.0647558386412,1.00849256900212,0
"51",51,51,"53",100,9075,100,0,0,2500,975,NA,NA,NA,NA,42499.5294117647,48.0349184132012,51.9245644406792,26.3950790084349,37.1836900069984,8.58595160042727,13.1754392426977,16.3689270323032,4.07749825039596,13.1717558657777,20.7705624516557,4.45688607315187,35.1909830932999,35.9460753618918,0.276253268997016,13.3043574348963,0,11.0943312829202,4.05171461195624,75.0819551364691,24.8812110943313,25.9927797833935,73.9460319402802,41.0756898978156,16.68604295417,5.23159762589488,1.30331028574925,0.642476901425687,87.2874553017587,12.603079617602,12.8070716414842,21.7495987158909,7.70465489566613,22.23113964687,16.131621187801,20.8667736757624,9.06902086677368,2.24719101123596,0
"52",52,52,"54",0,7800,0,0,0,0,5684.52,6900,6900,NA,3250,37940.4230769231,47.3420965608466,52.6041666666667,28.0299272486772,34.9991732804233,7.57688492063492,14.3849206349206,15.7903439153439,3.16633597883598,13.6036706349206,19.171626984127,4.38574735449736,31.9279100529101,25.9879298941799,0.27281746031746,23.5739087301587,0.070271164021164,13.9467592592593,4.01372354497355,73.3465608465608,26.5997023809524,30.791229742612,69.1202505787825,33.1335966226338,12.2429524717418,2.65559035816424,0.326841890235599,0.156611739071224,88.1887755102041,11.7261904761905,9.35307872174591,20.9722222222222,10.8333333333333,19.1666666666667,17.7777777777778,16.9444444444444,11.9444444444444,2.36111111111111,0
"53",53,53,"55",0,19249.99,0,0,0,5000,7600,NA,NA,NA,NA,45148.7435897436,51.1999135197463,48.7352262899971,26.8665321418276,37.525223407322,11.7541078120496,13.9413375612568,18.27976362064,4.78524070337273,12.8603343903142,19.1769962525223,6.88959354280773,70.5750936869415,14.9358604785241,0,7.44450850389161,0,4.7744306716633,2.08633611991929,83.6119919285096,16.3303545690401,17.0101181331779,82.8839328283096,39.4607193939715,15.0500609206971,3.90951952111035,0.762833077289824,0.243682788578694,88.337504469074,11.5623882731498,13.0958354239839,19.5402298850575,17.5478927203065,14.7126436781609,21.6858237547893,20.9195402298851,3.14176245210728,2.45210727969349,0
"54",54,54,"56",0,4900,0,0,0,4125,9492.06,20325,16075,4250,NA,47930.7391304348,47.9123936157673,52.0380979324328,22.7573850107268,38.5812292241318,17.1912205012141,11.0498149326921,18.7919937760803,7.27774241459792,11.655704080911,19.7302968149563,9.8568969988448,65.749581535705,13.7232713298913,0.0660112690666478,11.5472569960157,0.0848716316571186,5.17952707640804,3.49859726053233,88.5140391824033,11.4364523657967,15.3916929547844,84.54587276551,47.4106203995794,26.1829652996845,7.89957939011567,1.86317034700315,0.558622502628812,89.6128423040604,10.3021718602455,15.7112242164479,20.4177323103154,13.9812446717818,14.0238704177323,25.8312020460358,19.5652173913043,3.96419437340153,2.21653878942881,0
"55",55,55,"57",0,13725,100,0,0,100,NA,NA,NA,NA,NA,60572.2608695652,48.8021978021978,51.1684981684982,23.6080586080586,38.2490842490842,17.4798534798535,11.6190476190476,18.1062271062271,7.35164835164835,11.967032967033,20.1208791208791,10.1025641025641,74.0549450549451,15.3076923076923,0.0659340659340659,6.03663003663004,0,2.54212454212454,1.91208791208791,92.1538461538462,7.83150183150183,10.1004435833376,89.8638658032937,51.8125732932239,23.3671544383827,6.62825676846989,1.89160250854025,0.841278743690409,93.6982119494112,6.25090856229103,16.307954868683,18.8372093023256,26.2209302325581,14.4767441860465,11.9186046511628,22.3837209302326,2.61627906976744,3.48837209302326,0.0581395348837209
"56",56,56,"58",150,22750,150,0,0,4050,24647.91,38500,34150,4350,NA,55519.7096774194,46.9225080121621,53.0466759799491,19.2908209384502,40.1922918892267,21.3185142575397,9.54474484345468,19.3894321636946,8.60793820363218,9.71731448763251,20.7720437176432,12.6797600460186,75.3964993015038,6.38507683457967,0.400608102555674,13.7398307173967,0.0225984057851919,1.85306927438573,2.09959733749692,95.9199605555099,4.05744103870491,11.8739463809886,88.0852683669585,51.256185763228,27.8943933873511,9.38876502256784,2.3492305182446,0.728696503344391,92.5208316479249,7.42253862956072,16.18030547622,22.7551803530315,14.313123561013,13.6991557943208,15.2340752110514,29.7006907137375,1.88027628549501,2.41749808135073,0
"57",57,57,"59",0,11000,0,0,0,0,9527.89,16000,16000,NA,NA,39107,45.1155638844842,54.8075536975638,26.3514487530633,35.9281149392148,15.3860938926529,10.403152179136,16.6162125798856,6.25630676084763,15.9002450627072,19.2302147902552,9.05770986497525,14.6749315265965,80.2796597953006,0.067272115708039,1.26855989620874,0,0.677526308202393,2.87828552207967,97.5637883811446,2.37854980539138,15.9261838440111,83.9763231197772,50.974930362117,24.5473537604457,11.9846796657382,3.21030640668524,1.54596100278552,85.5162308385933,14.3146979260595,22.5350025927847,21.2031558185404,1.11768573307035,41.025641025641,5.32544378698225,7.46219592373439,22.8468113083498,1.01906640368179,0
"58",58,58,"6",5000,23250,0,0,0,0,11800,NA,NA,NA,10800,26103.4117647059,49.8743799523288,50.0740836178574,26.3351156348644,30.5804290407782,12.6586355730207,14.0630032854474,14.5525993686787,4.28396572827417,12.2141338658764,15.9698511885589,8.31669136120595,8.12987180313084,84.7130065064743,0.270566256522579,3.38852026025897,0.180377504348386,0.463827868324422,2.65412613541197,97.8354699478194,2.12587772982027,28.3501161890008,71.5724244771495,41.6067278964258,11.297997122939,3.09837335398916,0.243443620670577,0.188115525063627,84.4400613631383,15.3846153846154,18.2760191300387,13.8940809968847,1.99376947040498,47.1028037383178,6.91588785046729,10.404984423676,18.380062305296,1.30841121495327,0
"59",59,59,"60",150,12970,2000,350,200,5035,NA,NA,NA,NA,NA,31622.3333333333,45.6175758274709,54.2440318302387,27.1133663937262,36.4087187175643,11.7056856187291,11.3308730250259,17.3509399146581,4.26709722062046,15.7075308499596,18.9597508937839,7.35209318417714,8.73025025948564,85.9993080382885,0.397877984084881,1.93749279206551,0,0.334448160535117,2.41033329489102,97.2609848921693,2.67558528428094,15.9914522304336,83.8749888700917,45.3120826284391,18.9030362389814,6.2950761285727,1.81640103285549,0.872584809901166,85.1561495951677,14.6896285824444,20.2724842631715,13.3560187154402,1.23351765206295,40.4934070608252,10.8039132284134,14.8447469162059,18.1199489578903,1.10591237771161,0.0425350914504466
"60",60,60,"61",100,23460,120,0,0,100,NA,150,150,NA,NA,42454.8333333333,48.9731484213632,50.9796400118029,24.4850988492181,40.3452345824727,9.05871938624963,13.7887282384184,18.816760106226,3.64709353791679,10.6609619356742,21.4960165240484,5.37326645028032,9.8790203599882,62.0684567719091,0.0354086751254057,18.2679256417822,0.486869282974329,6.63617586308646,2.48155798170552,87.7810563588079,12.1776335202125,22.2303100888048,77.6871936720532,45.7805600038822,16.5623331877517,4.86727810938031,0.786140631824137,0.257194157325181,83.7506691250818,16.1720097543567,16.7951505567635,22.7540211847783,2.00078462142016,32.561788936838,6.08081600627697,11.180855237348,24.2840329540996,1.05923891722244,0.0784621420164771
"61",61,61,"62",NA,NA,NA,NA,NA,NA,6210,6200,6200,NA,5200,36853.3333333333,44.9389678064102,54.9967877792848,24.9875080305518,38.2611178528089,8.48026268827183,12.2421300592476,16.7499464629881,2.83746163180812,12.6704261546149,21.4433578413877,5.58926404454279,36.4729816546506,41.1342708258976,0.745949032764651,3.90463273609822,0,12.2456991933757,5.27518024127347,69.633806838461,30.30908701549,21.4633288386,78.4194172480507,35.0296066131207,10.2538547224014,2.6851146157003,0.170018174356569,0.0996658263469543,84.5891707686482,15.2442256720939,8.78273067331671,16.2377994676131,22.715173025732,21.9165927240461,9.67169476486247,16.0603371783496,10.8251996450754,2.48447204968944,0.0887311446317657
"62",62,62,"63",0,20000,0,0,0,0,10316.14,20000,20000,NA,8234,67488,46.9710706338086,52.9835984505069,19.9785708398582,39.1535481744004,19.8837880161543,10.0263743509437,18.2395120745075,7.95763619879667,9.89450259622517,20.8645841918734,11.8725789170032,78.0021429160142,9.57718618643369,0.156597708728262,8.26258963158329,0,2.18824692986071,1.65663891865161,93.9915931756367,5.97131789334872,10.7321794579822,89.1994989751765,53.541334547939,30.4543384194944,10.4531997267137,2.32293327260305,0.523798679116374,93.1477516059957,6.75341788832153,23.21083172147,25.8333333333333,23.59375,14.0625,9.32291666666667,23.1770833333333,1.35416666666667,2.65625,0
"63",63,63,"64",0,8600,0,0,0,0,5015.8,8600,8600,NA,4600,49073.5,47.0525568181818,52.8823390151515,23.0883049242424,37.594696969697,18.264678030303,11.4642518939394,18.8091856060606,6.92471590909091,11.5648674242424,18.7322443181818,11.2630208333333,83.3510890151515,8.82457386363636,0.0473484848484849,4.01870265151515,0,1.7874053030303,1.75189393939394,91.7613636363636,8.16761363636364,11.7352299361513,88.1597025781945,44.5162854602764,22.9451224440314,7.7588297098521,1.69724399903015,0.945607370888225,89.2803784860558,10.5453187250996,13.9817094618361,19.622641509434,21.8867924528302,13.2075471698113,11.1949685534591,27.2955974842767,2.26415094339623,4.52830188679245,0
"64",64,64,"65",0,24380,0,0,0,40,NA,NA,NA,NA,NA,54419.7096774194,51.6259815636736,48.3185387504268,25.6316148856265,41.4305223625811,15.5300443837487,15.5300443837487,21.7352338682144,6.70023898941618,10.041823147832,19.6355411403209,8.79139638101741,69.6227381358826,19.1148856264937,0.311539774667122,3.31597814953909,0.0512120177534995,5.75708432912257,1.70279959030386,89.4033799931717,10.5496756572209,15.7573624310689,84.1957057374164,38.2905080370761,16.2912120145489,5.36782822949666,1.54875043998592,0.445852399389886,91.2610943138593,8.62186677070126,17.6186903868824,18.9172749391727,25.669099756691,13.2603406326034,14.2335766423358,20.9245742092457,4.01459854014599,2.98053527980535,0
"65",65,65,"66A",NA,NA,NA,NA,NA,NA,13326.97,20200,20200,NA,30200,61553.9565217391,49.2839719883547,50.6766858132032,22.1693288220946,40.9788338972382,16.3663545518924,11.1259737194114,19.5648752852309,7.44354394523566,11.0000786843969,21.3667479738768,8.87166574868204,89.2753167046975,3.91454874498387,0.121960815170352,4.43779998426312,0,0.719962231489496,1.38877960500433,93.7957353056889,6.16492249586907,9.86021505376344,90.0752688172043,47.4569892473118,20.4408602150538,6.82258064516129,1.41935483870968,0.483870967741935,93.889341530257,6.04399674098215,16.7348651767915,14.9216300940439,28.4639498432602,12.2257053291536,11.7241379310345,27.1473354231975,2.00626959247649,3.51097178683386,0
"66",66,66,"66B",NA,NA,NA,NA,NA,NA,NA,NA,NA,NA,NA,57118.7142857143,48.2659623334864,51.6881028938907,21.48598989435,38.7459807073955,17.3748277446027,10.5133210840606,19.4706017455214,8.210840606339,10.9152503445108,19.200734956362,9.12953605879651,82.1658245291686,11.4951768488746,0.0229673863114378,2.89389067524116,0.660312356453836,1.36081763895269,1.26320624712908,95.2514928801102,4.71979788700046,12.3278846928094,87.5835413479346,46.0906675255657,20.6135759723005,5.9264030920364,1.13535711409936,0.265721877767936,91.9173572482688,7.96912248836417,15.7119174801989,15.1230949589683,19.4607268464244,9.96483001172333,20.2813599062134,30.3634232121923,2.2274325908558,2.57913247362251,0
"67",67,67,"7",0,16450,2050,0,0,0,21909.75,22250,20250,2000,NA,21983.3636363636,48.5242834056307,51.4161775963256,26.5331291996258,34.5751467211023,5.4180488219784,12.7923790082504,15.9139236199711,2.55592413030535,13.6897167644807,18.5931785319384,2.80683847920388,38.7046015139917,19.0312154461172,1.39491366845284,0.221144849876669,0.106319639363783,35.4682316917581,4.85668112613762,22.4802245470783,77.4815003827507,45.2418341708543,54.6168341708543,19.0640703517588,3.47047738693467,0.53391959798995,0.149183417085427,0,78.4853700516351,21.342512908778,4.77806788511749,14.5719489981785,1.09289617486339,14.5719489981785,8.37887067395264,54.8269581056466,4.55373406193078,1.82149362477231,0.182149362477231
"68",68,68,"8",250,6700,0,0,0,150,NA,NA,NA,NA,NA,70297.9761904762,47.3904719624872,52.5651341527705,48.4947698454538,29.086318359646,16.2953303182487,21.8168197330818,15.5406342776283,6.79781360117644,26.6141339030549,13.4790932549041,9.44479897894065,76.5184095890791,8.16570017480092,0.321855664382231,11.7782525457118,0.0804639160955578,0.971116228739491,1.98107710662856,94.1705280097666,5.77675425210177,3.14986627926173,96.8006075213788,89.7579819724634,80.0772608710008,43.3057087199128,20.8538316769571,6.68933866015122,96.0897189885293,3.833525222805,30.1534653465347,31.0786406173042,2.05220817599737,41.9799704482023,5.35215892300115,16.9758660318503,1.34624856345428,1.21490724019044,0
"69",69,69,"9",60,7270,120,0,0,60,NA,NA,NA,NA,NA,86532.4,44.727602905569,55.2179176755448,20.7506053268765,41.2167070217918,19.9697336561743,9.66101694915254,18.2384987893462,7.77239709443099,11.0230024213075,22.9237288135593,12.1307506053269,66.906779661017,23.4624697336562,0.236077481840194,4.21307506053269,0,2.409200968523,2.57869249394673,94.5278450363196,5.41162227602906,5.15222482435597,94.7808631649381,82.7283372365339,65.9585145533623,39.553362328538,15.2810304449649,5.66242890598862,94.8781033325878,5.04361440393648,44.8842105263158,37.03095684803,4.12757973733583,40.7598499061914,2.6266416510319,12.171669793621,2.76735459662289,0.515947467166979,0
"70",70,NA,"0",0,415996.25,0,0,0,0,NA,NA,NA,NA,NA,NA,NA,NA,NA,NA,NA,NA,NA,NA,NA,NA,NA,NA,NA,NA,NA,NA,NA,NA,NA,NA,NA,NA,NA,NA,NA,NA,NA,NA,NA,NA,NA,NA,NA,NA,NA,NA,NA,NA
"71",71,NA,NA,NA,NA,NA,NA,NA,NA,769433.87,NA,47115,NA,199975,NA,NA,NA,NA,NA,NA,NA,NA,NA,NA,NA,NA,NA,NA,NA,NA,NA,NA,NA,NA,NA,NA,NA,NA,NA,NA,NA,NA,NA,NA,NA,NA,NA,NA,NA,NA,NA,NA,NA
